nut,appointment_date
7181892,2026-01-05
7181910,2026-01-05
7181935,2026-01-05
7182580,2026-01-05
7183373,2026-01-05
7183402,2026-01-05
7183608,2026-01-06
7183972,2026-01-06
7184384,2026-01-06
7185857,2026-01-06
7188257,2026-01-06
7189985,2026-01-06
7191215,2026-01-06
7191677,2026-01-06
7192207,2026-01-06
7192242,2026-01-06
7192665,2026-01-06
7193618,2026-01-06
7195409,2026-01-06
7195620,2026-01-06
7196236,2026-01-06
7197154,2026-01-06
7197255,2026-01-06
7198643,2026-01-06
7201291,2026-01-06
7201704,2026-01-06
7201838,2026-01-06
7204148,2026-01-06
7205776,2026-01-06
7205829,2026-01-06
7206073,2026-01-06
7206720,2026-01-06
7207327,2026-01-06
7207536,2026-01-06
7207601,2026-01-06
7208036,2026-01-06
7209081,2026-01-07
7209084,2026-01-07
7209087,2026-01-07
7210090,2026-01-07
7211333,2026-01-07
7211365,2026-01-07
7211377,2026-01-08
7213022,2026-01-08
7214333,2026-01-08
7214337,2026-01-08
7214956,2026-01-08
7216093,2026-01-08
7217014,2026-01-09
7218841,2026-01-09
7219665,2026-01-09
7219668,2026-01-09
7219675,2026-01-09
7220492,2026-01-09
6592572,2026-01-12
6612439,2026-01-12
6930602,2026-01-12
7088836,2026-01-12
7117889,2026-01-12
7140195,2026-01-12
7221711,2026-01-12
7222023,2026-01-12
7222070,2026-01-12
7223804,2026-01-12
7223853,2026-01-12
7223945,2026-01-12
7224067,2026-01-13
7230201,2026-01-13
7235049,2026-01-13
7235077,2026-01-13
7235146,2026-01-13
7235879,2026-01-13
7236164,2026-01-13
7236692,2026-01-13
7237569,2026-01-13
7238237,2026-01-13
7238276,2026-01-13
7238291,2026-01-13
7241810,2026-01-13
7242051,2026-01-13
7242792,2026-01-13
7243788,2026-01-13
7243817,2026-01-13
7244255,2026-01-13
7244513,2026-01-13
7244628,2026-01-13
7244760,2026-01-13
7245173,2026-01-13
7246299,2026-01-13
7247316,2026-01-13
7247467,2026-01-13
7247608,2026-01-13
7249645,2026-01-13
7249994,2026-01-13
7251054,2026-01-13
7251622,2026-01-13
7251933,2026-01-14
7251962,2026-01-14
7251990,2026-01-14
7252633,2026-01-14
7254746,2026-01-14
7255581,2026-01-14
7255638,2026-01-15
7255656,2026-01-15
7256240,2026-01-15
7256661,2026-01-15
7257098,2026-01-15
7258143,2026-01-15
7258722,2026-01-16
7258760,2026-01-16
7259310,2026-01-16
7259647,2026-01-16
7261994,2026-01-16
7262491,2026-01-16
5177229,2026-01-19
6239657,2026-01-19
6757780,2026-01-19
6770070,2026-01-19
6770072,2026-01-19
6858114,2026-01-19
7004640,2026-01-19
7020708,2026-01-19
7020754,2026-01-19
7082747,2026-01-19
7092618,2026-01-19
7125150,2026-01-19
7130335,2026-01-20
7135023,2026-01-20
7139851,2026-01-20
7144762,2026-01-20
7145807,2026-01-20
7151844,2026-01-20
7152567,2026-01-20
7160484,2026-01-20
7160494,2026-01-20
7171860,2026-01-20
7173548,2026-01-20
7186479,2026-01-20
7186482,2026-01-20
7187568,2026-01-20
7191511,2026-01-20
7194435,2026-01-20
7199877,2026-01-20
7202016,2026-01-20
7202750,2026-01-20
7202792,2026-01-20
7203806,2026-01-20
7210017,2026-01-20
7215367,2026-01-20
7215369,2026-01-20
7227879,2026-01-20
7228219,2026-01-20
7235672,2026-01-20
7239002,2026-01-20
7243084,2026-01-20
7247181,2026-01-20
7250632,2026-01-21
7251060,2026-01-21
7252228,2026-01-21
7254328,2026-01-21
7255752,2026-01-21
7255756,2026-01-21
7257994,2026-01-22
7263987,2026-01-22
7264123,2026-01-22
7264153,2026-01-22
7264170,2026-01-22
7265795,2026-01-22
7266652,2026-01-23
7266967,2026-01-23
7267707,2026-01-23
7267719,2026-01-23
7267905,2026-01-23
7267908,2026-01-23
7149413,2026-01-26
7184440,2026-01-26
7184461,2026-01-26
7208134,2026-01-26
7208522,2026-01-26
7208615,2026-01-26
7213890,2026-01-26
7213942,2026-01-26
7232503,2026-01-26
7233397,2026-01-26
7270378,2026-01-26
7270935,2026-01-26
7272274,2026-01-27
7272615,2026-01-27
7272771,2026-01-27
7272775,2026-01-27
7273178,2026-01-27
7275367,2026-01-27
7276682,2026-01-27
7277786,2026-01-27
7278100,2026-01-27
7278154,2026-01-27
7278997,2026-01-27
7279266,2026-01-27
7279971,2026-01-27
7280060,2026-01-27
7280061,2026-01-27
7280767,2026-01-27
7280881,2026-01-27
7281019,2026-01-27
7281189,2026-01-27
7281466,2026-01-27
7281775,2026-01-27
7282497,2026-01-27
7282838,2026-01-27
7282901,2026-01-27
7285226,2026-01-27
7285238,2026-01-27
7285907,2026-01-27
7286282,2026-01-27
7286625,2026-01-27
7286626,2026-01-27
7287222,2026-01-28
7287225,2026-01-28
7287502,2026-01-28
7288213,2026-01-28
7289770,2026-01-28
7289804,2026-01-28
7289918,2026-01-29
7290091,2026-01-29
7290649,2026-01-29
7290709,2026-01-29
7291040,2026-01-29
7291215,2026-01-29
7291461,2026-01-30
7291498,2026-01-30
7291521,2026-01-30
7291558,2026-01-30
7291610,2026-01-30
7291723,2026-01-30
7291780,2026-01-30
7292018,2026-01-30
7292051,2026-01-30
7294016,2026-01-30
7294233,2026-01-30
7294328,2026-01-30
6209843,2026-02-02
6557833,2026-02-02
6788916,2026-02-02
7097215,2026-02-02
7174945,2026-02-02
7187774,2026-02-02
7188614,2026-02-02
7197263,2026-02-02
7199874,2026-02-02
7208887,2026-02-02
7225886,2026-02-02
7227995,2026-02-02
7233756,2026-02-03
7240099,2026-02-03
7242648,2026-02-03
7246997,2026-02-03
7253076,2026-02-03
7268081,2026-02-03
7273232,2026-02-03
7284392,2026-02-03
7284394,2026-02-03
7294414,2026-02-03
7294815,2026-02-03
7294837,2026-02-03
7295639,2026-02-03
7296071,2026-02-03
7296545,2026-02-03
7296824,2026-02-03
7297791,2026-02-03
7299258,2026-02-03
7299260,2026-02-03
7299263,2026-02-03
7299591,2026-02-03
7299696,2026-02-03
7300028,2026-02-03
7300597,2026-02-03
7300919,2026-02-03
7301854,2026-02-03
7302041,2026-02-03
7302068,2026-02-03
7302118,2026-02-03
7302472,2026-02-03
7302635,2026-02-04
7302786,2026-02-04
7303140,2026-02-04
7303262,2026-02-04
7303343,2026-02-04
7304366,2026-02-04
7304833,2026-02-05
7304834,2026-02-05
7304880,2026-02-05
7304929,2026-02-05
7305008,2026-02-05
7305011,2026-02-05
7305021,2026-02-06
7305083,2026-02-06
7305211,2026-02-06
7305749,2026-02-06
7306120,2026-02-06
7306241,2026-02-06
7306291,2026-02-09
7306617,2026-02-09
7306835,2026-02-09
7306940,2026-02-09
7307201,2026-02-09
7307471,2026-02-09
7307566,2026-02-09
7308301,2026-02-09
7308501,2026-02-09
7309242,2026-02-09
7309245,2026-02-09
7309534,2026-02-09
7309554,2026-02-10
7309884,2026-02-10
7309907,2026-02-10
7310088,2026-02-10
7310799,2026-02-10
7310905,2026-02-10
7310981,2026-02-10
7311043,2026-02-10
7311347,2026-02-10
7311581,2026-02-10
7311603,2026-02-10
7312052,2026-02-10
7312207,2026-02-10
7312430,2026-02-10
7312796,2026-02-10
7313004,2026-02-10
7313022,2026-02-10
7313172,2026-02-10
7313176,2026-02-10
7313298,2026-02-10
7313709,2026-02-10
7314074,2026-02-10
7314121,2026-02-10
7314127,2026-02-10
7314133,2026-02-10
7314275,2026-02-10
7314400,2026-02-10
7314425,2026-02-10
7314522,2026-02-10
7314565,2026-02-10
7314628,2026-02-11
7314752,2026-02-11
7314768,2026-02-11
7314992,2026-02-11
7315917,2026-02-11
7316002,2026-02-11
7316423,2026-02-12
7316551,2026-02-12
7317022,2026-02-12
7317222,2026-02-12
7317274,2026-02-12
7317306,2026-02-12
7317309,2026-02-13
7317429,2026-02-13
7317519,2026-02-13
7317807,2026-02-13
7317922,2026-02-13
7317940,2026-02-13
7158956,2026-02-16
7171575,2026-02-16
7171577,2026-02-16
7184961,2026-02-16
7185041,2026-02-16
7188544,2026-02-16
7190146,2026-02-16
7208882,2026-02-16
7210732,2026-02-16
7233665,2026-02-16
7261468,2026-02-16
7302618,2026-02-16
7303055,2026-02-17
7311829,2026-02-17
7318109,2026-02-17
7318144,2026-02-17
7319635,2026-02-17
7319648,2026-02-17
7319821,2026-02-17
7319852,2026-02-17
7319923,2026-02-17
7319942,2026-02-17
7320273,2026-02-17
7320310,2026-02-17
7320927,2026-02-17
7321143,2026-02-17
7321578,2026-02-17
7321603,2026-02-17
7321883,2026-02-17
7322049,2026-02-17
7322066,2026-02-17
7322089,2026-02-17
7322091,2026-02-17
7322366,2026-02-17
7322515,2026-02-17
7322647,2026-02-17
7322758,2026-02-17
7322763,2026-02-17
7322765,2026-02-17
7323001,2026-02-17
7323128,2026-02-17
7323295,2026-02-17
7323616,2026-02-18
7324166,2026-02-18
7324497,2026-02-18
7324554,2026-02-18
7324690,2026-02-18
7324718,2026-02-18
7325072,2026-02-19
7325146,2026-02-19
7325150,2026-02-19
7325239,2026-02-19
7325542,2026-02-19
7325919,2026-02-19
7325959,2026-02-20
7326039,2026-02-20
7326310,2026-02-20
7326357,2026-02-20
7326523,2026-02-20
7326526,2026-02-20
6981150,2026-02-23
7172450,2026-02-23
7186249,2026-02-23
7196817,2026-02-23
7221055,2026-02-23
7227436,2026-02-23
7227455,2026-02-23
7251184,2026-02-23
7288320,2026-02-23
7307640,2026-02-23
7323911,2026-02-23
7324000,2026-02-23
7324092,2026-02-24
7324097,2026-02-24
7326024,2026-02-24
7326549,2026-02-24
7326765,2026-02-24
7326841,2026-02-24
7326934,2026-02-24
7327101,2026-02-24
7327182,2026-02-24
7327220,2026-02-24
7327345,2026-02-24
7327537,2026-02-24
7327563,2026-02-24
7327567,2026-02-24
7327620,2026-02-24
7327893,2026-02-24
7327993,2026-02-24
7328315,2026-02-24
7328759,2026-02-24
7329137,2026-02-24
7329167,2026-02-24
7329230,2026-02-24
7329771,2026-02-24
7329777,2026-02-24
7329908,2026-02-24
7330011,2026-02-24
7330178,2026-02-24
7330219,2026-02-24
7330697,2026-02-24
7330698,2026-02-24
7330760,2026-02-25
7330779,2026-02-25
7331055,2026-02-25
7331072,2026-02-25
7331139,2026-02-25
7331154,2026-02-25
7331164,2026-02-26
7331418,2026-02-26
7331523,2026-02-26
7331586,2026-02-26
7331800,2026-02-26
7331818,2026-02-26
7331908,2026-02-27
7331922,2026-02-27
7332046,2026-02-27
7332106,2026-02-27
7332748,2026-02-27
7332774,2026-02-27
7209470,2026-03-02
7236589,2026-03-02
7275054,2026-03-02
7332846,2026-03-02
7332968,2026-03-02
7332975,2026-03-02
7333273,2026-03-02
7333287,2026-03-02
7333289,2026-03-02
7333641,2026-03-02
7333677,2026-03-02
7333679,2026-03-02
7334933,2026-03-03
7334942,2026-03-03
7334961,2026-03-03
7335042,2026-03-03
7335542,2026-03-03
7335925,2026-03-03
7335931,2026-03-03
7335940,2026-03-03
7335967,2026-03-03
7335998,2026-03-03
7336223,2026-03-03
7336631,2026-03-03
7336642,2026-03-04
7337018,2026-03-04
7337207,2026-03-04
7337226,2026-03-04
7337575,2026-03-04
7337601,2026-03-04
7338108,2026-03-04
7338503,2026-03-04
7338662,2026-03-04
7338867,2026-03-04
7338874,2026-03-04
7338883,2026-03-04
7338994,2026-03-05
7339036,2026-03-05
7339039,2026-03-05
7339056,2026-03-05
7339086,2026-03-05
7339181,2026-03-05
7339185,2026-03-05
7339226,2026-03-05
7339632,2026-03-05
7339652,2026-03-05
7339737,2026-03-05
7339786,2026-03-05
7339809,2026-03-06
7339815,2026-03-06
7340158,2026-03-06
7340496,2026-03-06
7340771,2026-03-06
7340853,2026-03-06
7340894,2026-03-06
7340924,2026-03-06
7341134,2026-03-06
7341161,2026-03-06
7341598,2026-03-06
7341615,2026-03-06
7018770,2026-03-09
7123678,2026-03-09
7186420,2026-03-09
7256872,2026-03-09
7302662,2026-03-09
7302667,2026-03-09
7327476,2026-03-09
7336343,2026-03-09
7340499,2026-03-09
7341761,2026-03-09
7341951,2026-03-09
7342208,2026-03-09
7342368,2026-03-09
7342372,2026-03-09
7342573,2026-03-09
7342576,2026-03-09
7342583,2026-03-09
7342685,2026-03-09
7342769,2026-03-10
7342855,2026-03-10
7342858,2026-03-10
7342860,2026-03-10
7342866,2026-03-10
7343177,2026-03-10
7343653,2026-03-10
7343674,2026-03-10
7343733,2026-03-10
7343879,2026-03-10
7343880,2026-03-10
7343883,2026-03-10
7343987,2026-03-10
7343990,2026-03-10
7344533,2026-03-10
7344935,2026-03-10
7344937,2026-03-10
7344972,2026-03-10
7345107,2026-03-11
7345118,2026-03-11
7345134,2026-03-11
7345166,2026-03-11
7345253,2026-03-11
7345319,2026-03-11
7345357,2026-03-11
7345410,2026-03-11
7346241,2026-03-11
7346307,2026-03-11
7346498,2026-03-11
7346510,2026-03-11
7346647,2026-03-11
7346651,2026-03-11
7347053,2026-03-11
7347056,2026-03-11
7347090,2026-03-11
7347510,2026-03-11
7347545,2026-03-12
7347619,2026-03-12
7347667,2026-03-12
7347947,2026-03-12
7348004,2026-03-12
7348759,2026-03-12
7349570,2026-03-12
7349720,2026-03-12
7349764,2026-03-12
7349825,2026-03-12
7349935,2026-03-12
7350440,2026-03-12
7350540,2026-03-12
7350753,2026-03-12
7350791,2026-03-12
7351018,2026-03-12
7351050,2026-03-12
7351291,2026-03-12
7351310,2026-03-13
7351311,2026-03-13
7351367,2026-03-13
7351418,2026-03-13
7351667,2026-03-13
7351767,2026-03-13
7351770,2026-03-13
7351816,2026-03-13
7351914,2026-03-13
7352010,2026-03-13
7352252,2026-03-13
7353183,2026-03-13
7353439,2026-03-13
7353457,2026-03-13
7353493,2026-03-13
7353913,2026-03-13
7354184,2026-03-13
7354189,2026-03-13
7354552,2026-03-16
7354583,2026-03-16
7354830,2026-03-16
7354832,2026-03-16
7354834,2026-03-16
7354886,2026-03-16
7354895,2026-03-16
7354931,2026-03-16
7354958,2026-03-16
7355580,2026-03-16
7355588,2026-03-16
7355724,2026-03-16
7355786,2026-03-16
7355787,2026-03-16
7356124,2026-03-16
7356165,2026-03-16
7356304,2026-03-16
7356323,2026-03-16
7356523,2026-03-17
7356831,2026-03-17
7357023,2026-03-17
7357918,2026-03-17
7358018,2026-03-17
7358203,2026-03-17
7358580,2026-03-17
7358587,2026-03-17
7358874,2026-03-17
7359500,2026-03-17
7359544,2026-03-17
7359575,2026-03-17
7359593,2026-03-17
7359603,2026-03-17
7359779,2026-03-17
7359877,2026-03-17
7359887,2026-03-17
7360159,2026-03-17
7360175,2026-03-17
7360306,2026-03-17
7360368,2026-03-17
7360485,2026-03-17
7360486,2026-03-17
7360810,2026-03-17
7361247,2026-03-17
7361261,2026-03-17
7361469,2026-03-17
7361511,2026-03-17
7361737,2026-03-17
7361754,2026-03-17
7361772,2026-03-18
7361817,2026-03-18
7361975,2026-03-18
7362057,2026-03-18
7362298,2026-03-18
7362429,2026-03-18
7362969,2026-03-18
7363561,2026-03-18
7363664,2026-03-18
7364166,2026-03-18
7364270,2026-03-18
7364275,2026-03-18
7364291,2026-03-18
7364314,2026-03-18
7364324,2026-03-18
7364407,2026-03-18
7364479,2026-03-18
7364604,2026-03-18
7364690,2026-03-19
7364792,2026-03-19
7364949,2026-03-19
7365072,2026-03-19
7365308,2026-03-19
7365310,2026-03-19
7365467,2026-03-19
7365540,2026-03-19
7365649,2026-03-19
7365882,2026-03-19
7365892,2026-03-19
7366030,2026-03-19
7366290,2026-03-19
7366292,2026-03-19
7366325,2026-03-19
7366376,2026-03-19
7367063,2026-03-19
7367132,2026-03-19
7367575,2026-03-20
7367708,2026-03-20
7367713,2026-03-20
7367718,2026-03-20
7367780,2026-03-20
7367822,2026-03-20
7368884,2026-03-20
7369098,2026-03-20
7369764,2026-03-20
7369794,2026-03-20
7370004,2026-03-20
7370022,2026-03-20
7370031,2026-03-20
7370036,2026-03-20
7370040,2026-03-20
7370174,2026-03-20
7370375,2026-03-20
7370386,2026-03-20
7144760,2026-03-23
7210111,2026-03-23
7216631,2026-03-23
7216636,2026-03-23
7221440,2026-03-23
7224062,2026-03-23
7224456,2026-03-23
7229161,2026-03-23
7243717,2026-03-23
7248618,2026-03-23
7253417,2026-03-23
7277217,2026-03-23
7310136,2026-03-23
7320362,2026-03-23
7327804,2026-03-23
7329672,2026-03-23
7329701,2026-03-23
7333802,2026-03-23
7335240,2026-03-24
7339695,2026-03-24
7352571,2026-03-24
7355198,2026-03-24
7365528,2026-03-24
7370636,2026-03-24
7370651,2026-03-24
7370735,2026-03-24
7370841,2026-03-24
7370983,2026-03-24
7371182,2026-03-24
7371187,2026-03-24
7371228,2026-03-24
7371258,2026-03-24
7371415,2026-03-24
7371683,2026-03-24
7371959,2026-03-24
7372807,2026-03-24
7372911,2026-03-24
7373178,2026-03-24
7373570,2026-03-24
7373736,2026-03-24
7374086,2026-03-24
7374220,2026-03-24
7374233,2026-03-24
7374256,2026-03-24
7374421,2026-03-24
7374449,2026-03-24
7374451,2026-03-24
7374520,2026-03-24
7374651,2026-03-25
7374687,2026-03-25
7374727,2026-03-25
7374771,2026-03-25
7374854,2026-03-25
7375241,2026-03-25
7375247,2026-03-25
7375254,2026-03-25
7375330,2026-03-25
7375388,2026-03-25
7375390,2026-03-25
7375438,2026-03-25
7375610,2026-03-25
7375671,2026-03-25
7375783,2026-03-25
7375921,2026-03-25
7375991,2026-03-25
7376103,2026-03-25
7376848,2026-03-26
7376906,2026-03-26
7376982,2026-03-26
7377224,2026-03-26
7377241,2026-03-26
7377301,2026-03-26
7377471,2026-03-26
7377472,2026-03-26
7377473,2026-03-26
7377878,2026-03-26
7378087,2026-03-26
7378107,2026-03-26
7378128,2026-03-26
7378132,2026-03-26
7378463,2026-03-26
7378475,2026-03-26
7378481,2026-03-26
7378574,2026-03-26
7379085,2026-03-27
7379114,2026-03-27
7379429,2026-03-27
7379519,2026-03-27
7379523,2026-03-27
7379536,2026-03-27
7379590,2026-03-27
7379599,2026-03-27
7379736,2026-03-27
7380061,2026-03-27
7380082,2026-03-27
7380090,2026-03-27
7380099,2026-03-27
7380805,2026-03-27
7381040,2026-03-27
7381423,2026-03-27
7381458,2026-03-27
7381827,2026-03-27
7192766,2026-03-30
7235242,2026-03-30
7307455,2026-03-30
7336382,2026-03-30
7345534,2026-03-30
7347853,2026-03-30
7347989,2026-03-30
7353826,2026-03-30
7353828,2026-03-30
7382119,2026-03-30
7382191,2026-03-30
7382252,2026-03-30
7382381,2026-03-30
7382384,2026-03-30
7383110,2026-03-30
7383882,2026-03-30
7384159,2026-03-30
7384229,2026-03-30
7384365,2026-03-30
7384584,2026-03-30
7384602,2026-03-30
7384809,2026-03-30
7384814,2026-03-30
7384933,2026-03-30
7385007,2026-03-30
7385267,2026-03-30
7385368,2026-03-30
7385652,2026-03-30
7385660,2026-03-30
7385997,2026-03-30
7386081,2026-03-31
7386590,2026-03-31
7386889,2026-03-31
7387001,2026-03-31
7387077,2026-03-31
7387083,2026-03-31
7387222,2026-03-31
7387996,2026-03-31
7388164,2026-03-31
7388287,2026-03-31
7388608,2026-03-31
7388918,2026-03-31
7389107,2026-03-31
7389131,2026-03-31
7389461,2026-03-31
7389650,2026-03-31
7389855,2026-03-31
7389901,2026-03-31
7389962,2026-03-31
7390023,2026-03-31
7390056,2026-03-31
7390084,2026-03-31
7390145,2026-03-31
7390183,2026-03-31
7390211,2026-03-31
7390284,2026-03-31
7390384,2026-03-31
7390393,2026-03-31
7390495,2026-03-31
7390496,2026-03-31
7390507,2026-03-31
7390985,2026-03-31
7391026,2026-03-31
7391048,2026-03-31
7391055,2026-03-31
7391217,2026-03-31
7391245,2026-04-01
7391323,2026-04-01
7391481,2026-04-01
7391492,2026-04-01
7392058,2026-04-01
7392130,2026-04-01
7392138,2026-04-01
7392176,2026-04-01
7392197,2026-04-01
7392266,2026-04-01
7392340,2026-04-01
7392406,2026-04-01
7392487,2026-04-01
7392532,2026-04-01
7392605,2026-04-01
7392613,2026-04-01
7392835,2026-04-01
7393163,2026-04-01
7393202,2026-04-01
7393229,2026-04-01
7393563,2026-04-01
7394125,2026-04-01
7394371,2026-04-01
7394423,2026-04-01
7394428,2026-04-01
7394512,2026-04-01
7394541,2026-04-01
7394542,2026-04-01
7394599,2026-04-01
7395139,2026-04-01
7395312,2026-04-01
7395428,2026-04-01
7395631,2026-04-01
7395982,2026-04-01
7396009,2026-04-01
7396194,2026-04-01
6891764,2026-04-06
7192759,2026-04-06
7360001,2026-04-06
7360003,2026-04-06
7384407,2026-04-06
7390134,2026-04-06
7390296,2026-04-06
7390362,2026-04-06
7396362,2026-04-06
7396558,2026-04-06
7396738,2026-04-06
7396823,2026-04-06
7396880,2026-04-06
7397041,2026-04-06
7397124,2026-04-06
7397358,2026-04-06
7397577,2026-04-06
7397590,2026-04-06
7397614,2026-04-07
7397649,2026-04-07
7397927,2026-04-07
7398899,2026-04-07
7400385,2026-04-07
7400591,2026-04-07
7400767,2026-04-07
7400872,2026-04-07
7400878,2026-04-07
7400894,2026-04-07
7400903,2026-04-07
7400932,2026-04-07
7401007,2026-04-07
7401164,2026-04-07
7401176,2026-04-07
7401179,2026-04-07
7401271,2026-04-07
7401302,2026-04-07
7401322,2026-04-07
7401505,2026-04-07
7402007,2026-04-07
7402470,2026-04-07
7402527,2026-04-07
7402531,2026-04-07
7402587,2026-04-07
7402637,2026-04-07
7402779,2026-04-07
7402910,2026-04-07
7402924,2026-04-07
7402937,2026-04-07
7402985,2026-04-08
7403481,2026-04-08
7403509,2026-04-08
7403812,2026-04-08
7403867,2026-04-08
7404061,2026-04-08
7404378,2026-04-08
7404627,2026-04-08
7404641,2026-04-08
7404643,2026-04-08
7404667,2026-04-08
7405256,2026-04-08
7405266,2026-04-08
7405560,2026-04-08
7405833,2026-04-08
7405856,2026-04-08
7405863,2026-04-08
7405886,2026-04-08
7405918,2026-04-09
7406063,2026-04-09
7406068,2026-04-09
7406136,2026-04-09
7406144,2026-04-09
7406207,2026-04-09
7406313,2026-04-09
7406691,2026-04-09
7406768,2026-04-09
7406837,2026-04-09
7406963,2026-04-09
7407012,2026-04-09
7407076,2026-04-09
7407112,2026-04-09
7407157,2026-04-09
7407249,2026-04-09
7407357,2026-04-09
7407361,2026-04-09
7407492,2026-04-10
7407495,2026-04-10
7407664,2026-04-10
7407727,2026-04-10
7407810,2026-04-10
7407900,2026-04-10
7407948,2026-04-10
7408051,2026-04-10
7408077,2026-04-10
7408147,2026-04-10
7408230,2026-04-10
7408680,2026-04-10
7408772,2026-04-10
7408781,2026-04-10
7409006,2026-04-10
7409059,2026-04-10
7409203,2026-04-10
7409238,2026-04-10
6403482,2026-04-13
7192848,2026-04-13
7228140,2026-04-13
7290395,2026-04-13
7349767,2026-04-13
7392305,2026-04-13
7397329,2026-04-13
7400064,2026-04-13
7406832,2026-04-13
7409324,2026-04-13
7409495,2026-04-13
7409652,2026-04-13
7410106,2026-04-13
7410189,2026-04-13
7410263,2026-04-13
7410595,2026-04-13
7410733,2026-04-13
7410960,2026-04-13
7410987,2026-04-14
7411074,2026-04-14
7411090,2026-04-14
7411329,2026-04-14
7411401,2026-04-14
7411506,2026-04-14
7411519,2026-04-14
7411916,2026-04-14
7412009,2026-04-14
7412139,2026-04-14
7412160,2026-04-14
7412505,2026-04-14
7412552,2026-04-14
7412561,2026-04-14
7412589,2026-04-14
7412620,2026-04-14
7412730,2026-04-14
7412902,2026-04-14
7413188,2026-04-14
7413616,2026-04-14
7413617,2026-04-14
7413641,2026-04-14
7413661,2026-04-14
7413671,2026-04-14
7413679,2026-04-14
7413694,2026-04-14
7413764,2026-04-14
7413778,2026-04-14
7413782,2026-04-14
7413831,2026-04-14
7413884,2026-04-15
7414082,2026-04-15
7414182,2026-04-15
7414467,2026-04-15
7415459,2026-04-15
7415720,2026-04-15
7415898,2026-04-15
7415908,2026-04-15
7415932,2026-04-15
7416010,2026-04-15
7416136,2026-04-15
7416265,2026-04-15
7416456,2026-04-15
7417361,2026-04-15
7417564,2026-04-15
7417580,2026-04-15
7417581,2026-04-15
7417812,2026-04-15
7418167,2026-04-16
7418308,2026-04-16
7418310,2026-04-16
7418356,2026-04-16
7418493,2026-04-16
7418497,2026-04-16
7418498,2026-04-16
7418600,2026-04-16
7419536,2026-04-16
7419553,2026-04-16
7419798,2026-04-16
7420299,2026-04-16
7420309,2026-04-16
7420364,2026-04-16
7420380,2026-04-16
7420389,2026-04-16
7420394,2026-04-16
7420664,2026-04-16
7420672,2026-04-17
7421078,2026-04-17
7421238,2026-04-17
7421284,2026-04-17
7421546,2026-04-17
7421663,2026-04-17
7421684,2026-04-17
7421689,2026-04-17
7422783,2026-04-17
7423141,2026-04-17
7423244,2026-04-17
7423346,2026-04-17
7424045,2026-04-17
7424181,2026-04-17
7424227,2026-04-17
7424366,2026-04-17
7424416,2026-04-17
7429436,2026-04-17
6891735,2026-04-20
7352398,2026-04-20
7401032,2026-04-20
7418166,2026-04-20
7420697,2026-04-20
7424537,2026-04-20
7424927,2026-04-20
7425165,2026-04-20
7425214,2026-04-20
7425347,2026-04-20
7425448,2026-04-20
7426204,2026-04-20
7426529,2026-04-21
7426530,2026-04-21
7426536,2026-04-21
7426545,2026-04-21
7426566,2026-04-21
7426674,2026-04-21
7426800,2026-04-21
7427069,2026-04-21
7427164,2026-04-21
7427799,2026-04-21
7427841,2026-04-21
7427930,2026-04-21
7428041,2026-04-21
7428114,2026-04-21
7428276,2026-04-21
7428278,2026-04-21
7428336,2026-04-21
7428340,2026-04-21
7428688,2026-04-21
7428874,2026-04-21
7429086,2026-04-21
7429334,2026-04-21
7429355,2026-04-21
7429373,2026-04-21
7429413,2026-04-21
7429425,2026-04-21
7429515,2026-04-21
7429562,2026-04-21
7429885,2026-04-21
7429931,2026-04-21
7430287,2026-04-22
7430557,2026-04-22
7430624,2026-04-22
7430948,2026-04-22
7431657,2026-04-22
7431669,2026-04-22
7431792,2026-04-22
7431870,2026-04-22
7432024,2026-04-22
7432043,2026-04-22
7432090,2026-04-22
7432148,2026-04-22
7432327,2026-04-23
7432373,2026-04-23
7432406,2026-04-23
7432659,2026-04-23
7432850,2026-04-23
7433499,2026-04-23
7433565,2026-04-23
7433568,2026-04-23
7433779,2026-04-23
7433844,2026-04-23
7433871,2026-04-23
7433896,2026-04-23
7433913,2026-04-24
7434200,2026-04-24
7434407,2026-04-24
7434514,2026-04-24
7434757,2026-04-24
7434834,2026-04-24
7435110,2026-04-24
7435561,2026-04-24
7435571,2026-04-24
7435624,2026-04-24
7435646,2026-04-24
7435702,2026-04-24
7387794,2026-04-27
7396704,2026-04-27
7399489,2026-04-27
7415752,2026-04-27
7417472,2026-04-27
7417474,2026-04-27
7431253,2026-04-27
7431340,2026-04-27
7431592,2026-04-27
7435802,2026-04-27
7435824,2026-04-27
7435889,2026-04-27
7435950,2026-04-28
7435954,2026-04-28
7436077,2026-04-28
7436165,2026-04-28
7436188,2026-04-28
7436209,2026-04-28
7436224,2026-04-28
7436240,2026-04-28
7436285,2026-04-28
7436386,2026-04-28
7436387,2026-04-28
7436516,2026-04-28
7436576,2026-04-28
7436679,2026-04-28
7436717,2026-04-28
7436882,2026-04-28
7437512,2026-04-28
7437552,2026-04-28
7438146,2026-04-28
7438218,2026-04-28
7438241,2026-04-28
7438781,2026-04-28
7438843,2026-04-28
7438882,2026-04-28
7438976,2026-04-28
7439476,2026-04-28
7440100,2026-04-28
7440294,2026-04-28
7440345,2026-04-28
7440617,2026-04-28
7440761,2026-04-29
7440768,2026-04-29
7440781,2026-04-29
7440899,2026-04-29
7440945,2026-04-29
7440958,2026-04-29
7441866,2026-04-29
7442136,2026-04-29
7442824,2026-04-29
7443041,2026-04-29
7443104,2026-04-29
7443390,2026-04-29
7443534,2026-04-30
7444087,2026-04-30
7444403,2026-04-30
7444541,2026-04-30
7444543,2026-04-30
7445016,2026-04-30
7445234,2026-04-30
7445260,2026-04-30
7445328,2026-04-30
7445986,2026-04-30
7446118,2026-04-30
7446266,2026-04-30
7446663,2026-04-30
7447042,2026-04-30
7447359,2026-04-30
7447709,2026-04-30
7447929,2026-04-30
7447932,2026-04-30
7448012,2026-04-30
7448389,2026-04-30
7448430,2026-04-30
7448577,2026-04-30
7448632,2026-04-30
7448711,2026-04-30
7364255,2026-05-04
7376840,2026-05-04
7404863,2026-05-04
7428939,2026-05-04
7448831,2026-05-04
7448832,2026-05-04
7448867,2026-05-04
7448959,2026-05-04
7448973,2026-05-04
7449093,2026-05-04
7449354,2026-05-04
7449503,2026-05-04
7449558,2026-05-05
7451395,2026-05-05
7451478,2026-05-05
7451614,2026-05-05
7452082,2026-05-05
7452597,2026-05-05
7452936,2026-05-05
7452938,2026-05-05
7453001,2026-05-05
7453154,2026-05-05
7453164,2026-05-05
7453406,2026-05-05
7453612,2026-05-05
7453664,2026-05-05
7453705,2026-05-05
7453981,2026-05-05
7454019,2026-05-05
7454312,2026-05-05
7454390,2026-05-05
7454404,2026-05-05
7454409,2026-05-05
7454681,2026-05-05
7454865,2026-05-05
7455126,2026-05-05
7455357,2026-05-05
7455433,2026-05-05
7455497,2026-05-05
7455910,2026-05-05
7456439,2026-05-05
7456529,2026-05-05
7456819,2026-05-06
7456888,2026-05-06
7457311,2026-05-06
7457322,2026-05-06
7457326,2026-05-06
7457329,2026-05-06
7457539,2026-05-06
7457819,2026-05-06
7457906,2026-05-06
7457916,2026-05-06
7458072,2026-05-06
7458088,2026-05-06
7458427,2026-05-07
7458726,2026-05-07
7458800,2026-05-07
7458890,2026-05-07
7459079,2026-05-07
7459083,2026-05-07
7459091,2026-05-07
7459309,2026-05-07
7459385,2026-05-07
7459405,2026-05-07
7459560,2026-05-07
7459637,2026-05-07
7459645,2026-05-08
7459772,2026-05-08
7459941,2026-05-08
7459967,2026-05-08
7460017,2026-05-08
7460057,2026-05-08
7460145,2026-05-08
7460415,2026-05-08
7460569,2026-05-08
7460978,2026-05-08
7461070,2026-05-08
7461170,2026-05-08
7461356,2026-05-08
7461373,2026-05-08
7461520,2026-05-08
7461541,2026-05-08
7461589,2026-05-08
7461621,2026-05-08
7461648,2026-05-11
7461794,2026-05-11
7461898,2026-05-11
7461939,2026-05-11
7461965,2026-05-11
7461966,2026-05-11
7462129,2026-05-12
7462221,2026-05-12
7462229,2026-05-12
7462785,2026-05-12
7463179,2026-05-12
7463306,2026-05-12
7463631,2026-05-12
7464055,2026-05-12
7464193,2026-05-12
7464374,2026-05-12
7464548,2026-05-12
7464688,2026-05-12
7464726,2026-05-12
7464781,2026-05-12
7464795,2026-05-12
7464999,2026-05-12
7465212,2026-05-12
7465522,2026-05-12
7465549,2026-05-12
7465882,2026-05-12
7465924,2026-05-12
7466954,2026-05-12
7467299,2026-05-12
7467411,2026-05-12
7468001,2026-05-12
7468336,2026-05-12
7468547,2026-05-12
7468575,2026-05-12
7468677,2026-05-12
7469335,2026-05-12
7469406,2026-05-13
7469415,2026-05-13
7469450,2026-05-13
7469468,2026-05-13
7469475,2026-05-13
7469704,2026-05-13
7469830,2026-05-13
7469956,2026-05-13
7470022,2026-05-13
7470057,2026-05-13
7470062,2026-05-13
7470120,2026-05-13
7470141,2026-05-14
7470437,2026-05-14
7470504,2026-05-14
7470567,2026-05-14
7470575,2026-05-14
7470599,2026-05-14
7470687,2026-05-14
7470783,2026-05-14
7470789,2026-05-14
7471009,2026-05-14
7471381,2026-05-14
7471704,2026-05-14
7471706,2026-05-15
7471707,2026-05-15
7471750,2026-05-15
7471787,2026-05-15
7472093,2026-05-15
7472097,2026-05-15
7472296,2026-05-15
7472419,2026-05-15
7472590,2026-05-15
7472840,2026-05-15
7472856,2026-05-15
7473042,2026-05-15
6986685,2026-05-18
7128343,2026-05-18
7202996,2026-05-18
7297688,2026-05-18
7306386,2026-05-18
7371287,2026-05-18
7372603,2026-05-18
7374227,2026-05-18
7400067,2026-05-18
7415115,2026-05-18
7426627,2026-05-18
7428664,2026-05-18
7437027,2026-05-19
7446000,2026-05-19
7448956,2026-05-19
7453084,2026-05-19
7454309,2026-05-19
7457282,2026-05-19
7459352,2026-05-19
7459480,2026-05-19
7459819,2026-05-19
7459833,2026-05-19
7464396,2026-05-19
7473062,2026-05-19
7473086,2026-05-19
7473147,2026-05-19
7473181,2026-05-19
7473228,2026-05-19
7473269,2026-05-19
7473300,2026-05-19
7473376,2026-05-19
7473480,2026-05-19
7473974,2026-05-19
7474221,2026-05-19
7474225,2026-05-19
7474260,2026-05-19
7474309,2026-05-19
7474440,2026-05-19
7474482,2026-05-19
7474540,2026-05-19
7474587,2026-05-19
7474828,2026-05-19
7474854,2026-05-20
7474923,2026-05-20
7475184,2026-05-20
7475232,2026-05-20
7475293,2026-05-20
7475331,2026-05-20
7475467,2026-05-20
7475527,2026-05-20
7475903,2026-05-20
7476459,2026-05-20
7476518,2026-05-20
7476524,2026-05-20
7476749,2026-05-21
7476759,2026-05-21
7476768,2026-05-21
7476976,2026-05-21
7477201,2026-05-21
7477251,2026-05-21
7477303,2026-05-21
7477382,2026-05-21
7477871,2026-05-21
7477960,2026-05-21
7478366,2026-05-21
7478367,2026-05-21
7478486,2026-05-22
7478495,2026-05-22
7478498,2026-05-22
7478577,2026-05-22
7478606,2026-05-22
7478610,2026-05-22
7478729,2026-05-22
7478876,2026-05-22
7478942,2026-05-22
7479077,2026-05-22
7479137,2026-05-22
7479241,2026-05-22
7289232,2026-05-25
7304996,2026-05-25
7305001,2026-05-25
7305007,2026-05-25
7411515,2026-05-25
7428955,2026-05-25
7468173,2026-05-25
7474803,2026-05-25
7479300,2026-05-25
7479687,2026-05-25
7479730,2026-05-25
7479779,2026-05-25
7479782,2026-05-26
7479789,2026-05-26
7479813,2026-05-26
7479879,2026-05-26
7480073,2026-05-26
7480308,2026-05-26
7480493,2026-05-26
7480496,2026-05-26
7480718,2026-05-26
7481073,2026-05-26
7481197,2026-05-26
7481212,2026-05-26
7481214,2026-05-26
7481227,2026-05-26
7481666,2026-05-26
7482111,2026-05-26
7482377,2026-05-26
7482733,2026-05-26
7482737,2026-05-27
7482935,2026-05-27
7483740,2026-05-27
7483834,2026-05-27
7483902,2026-05-27
7483926,2026-05-27
7483930,2026-05-27
7484110,2026-05-27
7484119,2026-05-27
7484128,2026-05-27
7484136,2026-05-27
7484153,2026-05-27
7484192,2026-05-27
7484209,2026-05-27
7484305,2026-05-27
7484330,2026-05-27
7484437,2026-05-27
7484397,2026-05-27
7484444,2026-05-28
7484491,2026-05-28
7484556,2026-05-28
7484695,2026-05-28
7485114,2026-05-28
7485116,2026-05-28
7485555,2026-05-28
7485866,2026-05-28
7485989,2026-05-28
7485992,2026-05-28
7486018,2026-05-28
7486022,2026-05-28
7486186,2026-05-28
7486333,2026-05-28
7487327,2026-05-28
7487794,2026-05-28
7487855,2026-05-28
7487875,2026-05-28
7487964,2026-05-29
7488349,2026-05-29
7488351,2026-05-29
7488652,2026-05-29
7488749,2026-05-29
7488787,2026-05-29
7488826,2026-05-29
7488898,2026-05-29
7489056,2026-05-29
7489078,2026-05-29
7489453,2026-05-29
7489507,2026-05-29
